sku_id,method,mae,rmse,mape_pct
SKU-001,Naive,9.846153846153847,12.440628230488635,8.008360843813596
SKU-001,Moving Average (4W),14.346153846153847,16.46266171581105,12.803564771117118
SKU-001,Holt-Winters,13.462703060484536,16.162693847248743,11.176175564261001
SKU-002,Naive,77.53846153846153,98.04943807943168,20.39537403953336
SKU-002,Moving Average (4W),68.0576923076923,100.651077605145,15.570098958315052
SKU-002,Holt-Winters,59.3421622070183,83.09095612356937,13.68422945437166
SKU-003,Naive,50.53846153846154,60.95206186958605,15.187864892760603
SKU-003,Moving Average (4W),64.5,74.62483088500359,19.224025718457654
SKU-003,Holt-Winters,41.32092885972926,56.97274468429133,10.614900965596911
SKU-004,Naive,26.923076923076923,32.89376840679705,12.734824669229102
SKU-004,Moving Average (4W),32.17307692307692,39.16121756966274,15.819110697387421
SKU-004,Holt-Winters,45.03992261417094,54.79199016357407,21.617161018378145
SKU-005,Naive,23.923076923076923,26.4327884963412,15.483366308681404
SKU-005,Moving Average (4W),14.51923076923077,18.023088824317288,10.238577821283865
SKU-005,Holt-Winters,17.008508481061384,21.931939688180147,11.9862474918793
SKU-006,Naive,179.69230769230768,214.83267191718517,33.95099973909504
SKU-006,Moving Average (4W),135.80769230769232,147.86876978227377,40.68796615600371
SKU-006,Holt-Winters,139.68744852815863,166.2158996762863,31.641029783744784
SKU-007,Naive,34.15384615384615,37.015589231482544,19.567952516923494
SKU-007,Moving Average (4W),31.076923076923077,39.957669909735536,15.13810753629706
SKU-007,Holt-Winters,33.829570816489976,39.12716166514812,18.328802878971604
SKU-008,Naive,32.30769230769231,46.36311531312862,11.224713388055951
SKU-008,Moving Average (4W),38.5,49.29912622099753,13.87831258377727
SKU-008,Holt-Winters,30.750941013056035,41.2869088183531,10.268143197833595
SKU-009,Naive,118.23076923076923,121.55182497126958,43.52379771185018
SKU-009,Moving Average (4W),51.26923076923077,56.31180365402294,19.257697865469453
SKU-009,Holt-Winters,32.21137967512389,41.41517958798109,11.615141206861566
SKU-010,Naive,37.0,44.04630430668302,15.039663024096232
SKU-010,Moving Average (4W),29.923076923076923,37.36411276983468,11.276189403607283
SKU-010,Holt-Winters,35.767325326260995,41.04737459771309,13.625983833672064
SKU-011,Naive,32.69230769230769,37.01870628999095,13.83078478315783
SKU-011,Moving Average (4W),16.0,21.42248997953032,6.216759646916055
SKU-011,Holt-Winters,25.38511851130999,31.012799520896873,10.355003908724992
SKU-012,Naive,65.0,73.12739147963221,39.84549542149691
SKU-012,Moving Average (4W),64.71153846153847,72.93770392496705,39.24395037571188
SKU-012,Holt-Winters,62.94014095678639,72.76238911803691,37.715631603107916
SKU-013,Naive,39.07692307692308,45.32107677449864,14.24350681393291
SKU-013,Moving Average (4W),41.36538461538461,47.59832939860875,15.159269655089142
SKU-013,Holt-Winters,36.84888500772202,47.43193020643327,13.40708526626515
SKU-014,Naive,17.0,19.878476957600302,20.090246330296797
SKU-014,Moving Average (4W),26.51923076923077,27.54690056556691,32.23394064100727
SKU-014,Holt-Winters,8.551179523884421,13.392478765585752,8.95375842538581
SKU-015,Naive,14.692307692307692,15.881774750662132,15.223480892028752
SKU-015,Moving Average (4W),15.615384615384615,17.696153428184502,17.011028895373688
SKU-015,Holt-Winters,17.32580929249108,21.003313748431708,18.74414238550979
SKU-016,Naive,29.846153846153847,35.92299456422778,11.692873525384636
SKU-016,Moving Average (4W),29.596153846153847,34.419708687812076,12.602385149954271
SKU-016,Holt-Winters,34.06549903849769,42.262089825001695,13.443340055360514
SKU-017,Naive,28.692307692307693,31.960311926849815,11.660140568475471
SKU-017,Moving Average (4W),28.51923076923077,37.239156914359754,12.585830329152008
SKU-017,Holt-Winters,31.82976108747799,40.89683854898761,13.646078295519454
SKU-018,Naive,119.53846153846153,139.249085068117,28.791872229458487
SKU-018,Moving Average (4W),112.67307692307692,161.89427045974267,21.457544701509416
SKU-018,Holt-Winters,119.87859635014843,168.56855517883898,29.672535298087034
SKU-019,Naive,36.0,42.246529215655464,17.868376526042624
SKU-019,Moving Average (4W),35.90384615384615,42.22040383511271,18.41112833386247
SKU-019,Holt-Winters,34.99014912290821,39.312332130793465,17.714409487913223
SKU-020,Naive,36.92307692307692,44.223210056398074,13.141093421057118
SKU-020,Moving Average (4W),38.19230769230769,44.81006926676534,13.33419258398031
SKU-020,Holt-Winters,42.438735369714585,51.52265543271003,14.950415666255049
SKU-021,Naive,37.76923076923077,49.78801214997596,28.104062180377575
SKU-021,Moving Average (4W),33.96153846153846,46.55621085559658,24.92530029340843
SKU-021,Holt-Winters,23.858358987567218,33.12994805733759,18.71197040686931
SKU-022,Naive,60.61538461538461,64.92006919755542,30.617926676753367
SKU-022,Moving Average (4W),35.36538461538461,42.32140075113844,18.402731681982914
SKU-022,Holt-Winters,26.611957664164404,34.907977069272164,12.361865228104762
SKU-023,Naive,57.53846153846154,67.22636845304538,25.372909163090885
SKU-023,Moving Average (4W),30.846153846153847,35.061484456703944,12.520114231005005
SKU-023,Holt-Winters,34.222106238203125,44.52402070954882,12.696976801618543
SKU-024,Naive,46.61538461538461,57.36388571754345,16.59796622673058
SKU-024,Moving Average (4W),46.15384615384615,54.46664469760722,20.659492537978046
SKU-024,Holt-Winters,39.391742455504215,46.88631296787024,40.96948764755825
