sku_id,sku_name,category,unit_cost,selling_price,lead_time_weeks,ordering_cost,annual_holding_rate,target_service_level,demand_profile,avg_weekly_demand,demand_std,abc_class,xyz_class,annual_demand,annual_holding_cost_per_unit,eoq_units,z_score,safety_stock_units,reorder_point_units,annual_ordering_cost,annual_cycle_stock_holding_cost,annual_safety_stock_holding_cost,estimated_annual_inventory_cost
SKU-001,Electronics Item 1,Electronics,27.97,49.97,5,148.95,0.274,0.95,Regular,97.22916666666667,20.810069761932652,C,X,5055.916666666667,7.66378,443,1.6448536269514722,77,563,1698.7392604615268,1698.7392604615268,586.5821246360576,3984.0606455591114
SKU-002,Electronics Item 2,Electronics,74.98,125.56,3,98.58,0.191,0.97,Regular,290.2291666666667,80.4191570565019,A,X,15091.916666666668,14.321180000000002,456,1.8807936081512509,262,1133,3263.9313070705934,3263.9313070705934,3751.8035278915972,10279.666142032784
SKU-003,Electronics Item 3,Electronics,169.66,237.32,5,97.34,0.218,0.95,Regular,317.94444444444446,64.41297894859277,A,X,16533.111111111113,36.98588,295,1.6448536269514722,237,1827,5455.391761051333,5455.391761051333,8762.370245999633,19673.153768102296
SKU-004,Electronics Item 4,Electronics,200.31,255.31,4,87.97,0.239,0.95,Regular,243.75694444444446,45.05555956750452,A,X,12675.361111111111,47.874089999999995,216,1.6448536269514722,148,1123,5166.337032987436,5166.337032987436,7095.878524638769,17428.55259061364
SKU-005,Electronics Item 5,Electronics,72.04,105.67,3,104.16,0.18,0.95,Regular,199.01388888888889,49.071944630366445,A,X,10348.722222222223,12.9672,408,1.6448536269514722,140,737,2643.63782649288,2643.637826492881,1812.8729213367524,7100.148574322513
SKU-006,Electronics Item 6,Electronics,210.04,270.85,3,89.58,0.246,0.9,Intermittent,181.14583333333334,152.73689470293846,A,Z,9419.583333333334,51.66984,181,1.2815515655446004,339,882,4669.011416790819,4669.011416790818,17517.728305218963,26855.7511388006
SKU-007,Fasteners Item 1,Fasteners,45.17,76.91,5,101.81,0.299,0.95,Regular,201.88194444444446,33.75073094837117,B,X,10497.861111111111,13.50583,398,1.6448536269514722,124,1134,2686.527383617891,2686.5273836178912,1676.5508136091703,7049.605580844953
SKU-008,Fasteners Item 2,Fasteners,16.5,24.82,6,77.86,0.197,0.95,Regular,226.14583333333334,46.44253065721283,C,X,11759.583333333334,3.2505,751,1.6448536269514722,187,1544,1219.869166173672,1219.869166173672,608.2315287552259,3047.96986110257
SKU-009,Fasteners Item 3,Fasteners,59.04,85.52,5,72.93,0.236,0.95,Regular,238.61111111111111,50.02364631217109,A,X,12407.777777777777,13.93344,360,1.6448536269514722,184,1377,2510.81253518617,2510.8125351861695,2563.574575575858,7585.199645948198
SKU-010,Fasteners Item 4,Fasteners,147.6,251.85,6,78.62,0.265,0.95,Regular,211.04861111111111,42.22704695525124,A,X,10974.527777777777,39.114,210,1.6448536269514722,170,1436,4107.81199437669,4107.81199437669,6654.659282609355,14870.283271362734
SKU-011,Fasteners Item 5,Fasteners,21.77,27.87,2,125.62,0.183,0.97,Regular,268.0416666666667,53.172877438642494,C,X,13938.166666666668,3.98391,938,1.8807936081512509,141,678,1867.5489022506613,1867.5489022506613,563.4505659936323,4298.548370494955
SKU-012,Fasteners Item 6,Fasteners,120.51,215.36,2,89.18,0.184,0.95,Intermittent,87.96527777777777,72.6760619100091,B,Z,4574.194444444444,22.173840000000002,192,1.6448536269514722,169,345,2126.6523579199775,2126.6523579199775,3748.6470370005763,8001.951752840531
SKU-013,Packaging Item 1,Packaging,22.08,38.07,1,158.62,0.191,0.9,Regular,264.375,46.94452536279884,B,X,13747.5,4.21728,1017,1.2815515655446004,60,325,2144.332151232173,2144.332151232173,253.71928230618462,4542.383584770531
SKU-014,Packaging Item 2,Packaging,40.01,70.11,1,157.78,0.256,0.97,Regular,89.35416666666667,17.032863648134565,C,X,4646.416666666667,10.24256,378,1.8807936081512509,32,121,1937.645448942883,1937.645448942883,328.1234934086939,4203.41439129446
SKU-015,Packaging Item 3,Packaging,144.27,257.46,3,82.14,0.21,0.95,Regular,93.90277777777777,17.47698564384108,B,X,4882.944444444444,30.2967,163,1.6448536269514722,50,331,2464.909089227532,2464.9090892275312,1508.5153723902836,6438.333550845347
SKU-016,Packaging Item 4,Packaging,30.96,40.86,2,177.57,0.254,0.97,Regular,233.67361111111111,35.96070696760486,B,X,12151.027777777777,7.863840000000001,741,1.8807936081512509,96,563,2912.6858143627164,2912.6858143627164,752.1752304691082,6577.546859194541
SKU-017,Packaging Item 5,Packaging,212.37,360.75,2,144.06,0.284,0.98,Regular,254.70833333333334,46.370486604865675,A,X,13244.833333333334,60.31308,252,2.0537489106318225,135,644,7585.526148858272,7585.526148858272,8122.982252155529,23294.03454987207
SKU-018,Packaging Item 6,Packaging,125.24,175.21,6,54.85,0.276,0.95,Intermittent,163.71527777777777,138.27137921642284,A,Z,8513.194444444443,34.56624,164,1.6448536269514722,557,1539,2840.832744107204,2840.832744107204,19256.94179899888,24938.607287213286
SKU-019,Plastics Item 1,Plastics,123.19,205.85,6,117.71,0.284,0.95,Regular,201.21527777777777,42.60883443548146,A,X,10463.194444444443,34.98596,265,1.6448536269514722,172,1379,4641.632237176214,4641.632237176214,6006.152174717621,15289.41664907005
SKU-020,Plastics Item 2,Plastics,18.05,22.81,1,164.83,0.209,0.95,Regular,263.125,48.76228552386041,C,X,13682.5,3.77245,1093,1.6448536269514722,80,343,2062.5173287288703,2062.517328728871,302.5762264173121,4427.610883875053
SKU-021,Plastics Item 3,Plastics,8.41,14.92,1,52.6,0.23,0.97,Regular,99.52777777777777,23.415954289904892,C,X,5175.444444444444,1.9343000000000001,531,1.8807936081512509,44,144,513.1137062754977,513.1137062754977,85.18768839520095,1111.4151009461964
SKU-022,Plastics Item 4,Plastics,70.12,124.42,1,154.01,0.296,0.97,Regular,202.41666666666666,44.66479660699303,A,X,10525.666666666666,20.75552,395,1.8807936081512509,84,286,4101.578973328654,4101.578973328653,1743.5729363891217,9946.730883046428
SKU-023,Plastics Item 5,Plastics,44.44,64.94,1,162.86,0.244,0.97,Regular,262.84722222222223,59.49476317607162,B,X,13668.055555555557,10.843359999999999,641,1.8807936081512509,112,375,3473.9816761408265,3473.9816761408256,1213.3434692165106,8161.306821498163
SKU-024,Plastics Item 6,Plastics,62.49,104.76,6,51.82,0.18,0.95,Intermittent,74.45138888888889,62.94117909627628,C,Z,3871.472222222222,11.2482,189,1.6448536269514722,254,700,1062.2171160612597,1062.21711606126,2852.468033708751,4976.902265831271
