sku_id,sku_name,category,avg_weekly_demand,demand_std,total_demand,zero_demand_weeks,cv,unit_cost,annual_dollar_usage,spend_share,cumulative_spend_share,abc_class,xyz_class
SKU-017,Packaging Item 5,Packaging,254.70833333333334,46.370486604865675,36678,0,0.18205327638095473,212.37,2812805.2550000004,0.1288370540365717,0.1288370540365717,A,X
SKU-003,Electronics Item 3,Electronics,317.94444444444446,64.41297894859277,45784,0,0.20259193099330242,169.66,2805007.6311111115,0.1284798935511297,0.2573169475877014,A,X
SKU-004,Electronics Item 4,Electronics,243.75694444444446,45.05555956750452,35101,0,0.18483805526112218,200.31,2539001.584166667,0.11629581668220468,0.3736127642699061,A,X
SKU-006,Electronics Item 6,Electronics,181.14583333333334,152.73689470293846,26085,52,0.8431708965774636,210.04,1978489.2833333334,0.09062224633379203,0.4642350106036981,A,Z
SKU-010,Fasteners Item 4,Fasteners,211.04861111111111,42.22704695525124,30391,0,0.20008208882748768,147.6,1619840.2999999998,0.07419477473271305,0.5384297853364112,A,X
SKU-019,Plastics Item 1,Plastics,201.21527777777777,42.60883443548146,28975,0,0.2117574515516594,123.19,1288960.923611111,0.059039255515865446,0.5974690408522766,A,X
SKU-002,Electronics Item 2,Electronics,290.2291666666667,80.4191570565019,41793,0,0.277088474532488,74.98,1131591.9116666669,0.05183116321742858,0.6493002040697051,A,X
SKU-018,Packaging Item 6,Packaging,163.71527777777777,138.27137921642284,23575,54,0.8445844584163262,125.24,1066192.472222222,0.04883562305385425,0.6981358271235594,A,Z
SKU-005,Electronics Item 5,Electronics,199.01388888888889,49.071944630366445,28658,0,0.24657547724100665,72.04,745521.9488888889,0.03414770768211183,0.7322835348056712,A,X
SKU-022,Plastics Item 4,Plastics,202.41666666666666,44.66479660699303,29148,0,0.22065770246353084,70.12,738059.7466666667,0.033805910769855896,0.7660894455755272,A,X
SKU-009,Fasteners Item 3,Fasteners,238.61111111111111,50.02364631217109,34360,0,0.20964508349687533,59.04,732555.2,0.03355378184088737,0.7996432274164146,A,X
SKU-015,Packaging Item 3,Packaging,93.90277777777777,17.47698564384108,13522,0,0.1861178769940183,144.27,704462.395,0.032267025770807485,0.8319102531872221,B,X
SKU-023,Plastics Item 5,Plastics,262.84722222222223,59.49476317607162,37850,0,0.2263473156500479,44.44,607408.3888888889,0.027821587464129195,0.8597318406513513,B,X
SKU-012,Fasteners Item 6,Fasteners,87.96527777777777,72.6760619100091,12667,51,0.8261903303893038,120.51,551236.1725,0.025248688801704992,0.8849805294530563,B,Z
SKU-007,Fasteners Item 1,Fasteners,201.88194444444446,33.75073094837117,29071,0,0.1671805323712789,45.17,474188.38638888893,0.02171961057456856,0.9067001400276249,B,X
SKU-016,Packaging Item 4,Packaging,233.67361111111111,35.96070696760486,33649,0,0.15389288844646495,30.96,376195.82,0.01723118267911242,0.9239313227067373,B,X
SKU-013,Packaging Item 1,Packaging,264.375,46.94452536279884,38070,0,0.1775679446347001,22.08,303544.8,0.013903492867344044,0.9378348155740813,B,X
SKU-011,Fasteners Item 5,Fasteners,268.0416666666667,53.172877438642494,38598,0,0.19837541715022847,21.77,303433.88833333337,0.013898412696092866,0.9517332282701741,C,X
SKU-020,Plastics Item 2,Plastics,263.125,48.76228552386041,37890,0,0.18531984997191606,18.05,246969.125,0.011312114283926786,0.9630453425541009,C,X
SKU-024,Plastics Item 6,Plastics,74.45138888888889,62.94117909627628,10721,53,0.8453996632649738,62.49,241928.29916666666,0.011081225512255278,0.9741265680663562,C,Z
SKU-008,Fasteners Item 2,Fasteners,226.14583333333334,46.44253065721283,32565,0,0.20536540502498532,16.5,194033.125,0.008887446497077121,0.9830140145634333,C,X
SKU-014,Packaging Item 2,Packaging,89.35416666666667,17.032863648134565,12867,0,0.19062192937991584,40.01,185903.13083333333,0.00851506220353034,0.9915290767669637,C,X
SKU-001,Electronics Item 1,Electronics,97.22916666666667,20.810069761932652,14001,0,0.21403114389817168,27.97,141413.98916666667,0.00647729228015574,0.9980063690471194,C,X
SKU-021,Plastics Item 3,Plastics,99.52777777777777,23.415954289904892,14332,0,0.23527054268394534,8.41,43525.48777777778,0.001993630952880773,1.0000000000000002,C,X
